Name,Start,End,Cal
audioTest1,2023-09-29T14:44:08Z,2023-09-29T14:44:33Z,25000
audioTest2,2023-09-29T14:44:33Z,2023-09-29T14:44:45Z,12000
audioTest1,2023-09-29T14:44:45Z,2023-09-29T14:45:08Z,23000
audioTest2,2023-09-29T14:45:08Z,2023-09-29T14:45:21Z,13000
audioTest1,2023-09-29T14:45:21Z,2023-09-29T14:45:43Z,22000
audioTest2,2023-09-29T14:45:43Z,2023-09-29T14:45:56Z,13000
audioTest1,2023-09-29T14:45:56Z,2023-09-29T14:46:18Z,22000
audioTest2,2023-09-29T14:46:18Z,2023-09-29T14:46:31Z,13000
audioTest1,2023-09-29T14:46:31Z,2023-09-29T14:47:02Z,31000
audioTest1,2023-09-29T14:46:31Z,2023-09-29T14:47:02Z,31000
audioTest2,2023-09-29T14:47:02Z,2023-09-29T14:47:20Z,18000
audioTest2,2023-09-29T14:47:02Z,2023-09-29T14:47:20Z,18000
audioTest1,2023-09-29T14:47:20Z,2023-09-29T14:47:52Z,32000
audioTest1,2023-09-29T14:47:20Z,2023-09-29T14:47:53Z,33000
audioTest2,2023-09-29T14:47:52Z,2023-09-29T14:48:10Z,18000
audioTest2,2023-09-29T14:47:53Z,2023-09-29T14:48:10Z,17000
audioTest1,2023-09-29T14:48:10Z,2023-09-29T14:48:42Z,32000
audioTest1,2023-09-29T14:48:10Z,2023-09-29T14:48:42Z,32000
audioTest2,2023-09-29T14:48:42Z,2023-09-29T14:49:00Z,18000
audioTest2,2023-09-29T14:48:42Z,2023-09-29T14:49:00Z,18000
audioTest1,2023-09-29T14:49:00Z,2023-09-29T14:49:33Z,33000
audioTest1,2023-09-29T14:49:00Z,2023-09-29T14:49:33Z,33000
audioTest2,2023-09-29T14:49:33Z,2023-09-29T14:49:51Z,18000
audioTest2,2023-09-29T14:49:33Z,2023-09-29T14:49:51Z,18000
audioTest1,2023-09-29T14:49:51Z,2023-09-29T14:50:24Z,33000
audioTest1,2023-09-29T14:49:51Z,2023-09-29T14:50:24Z,33000
audioTest2,2023-09-29T14:50:24Z,2023-09-29T14:50:41Z,17000
audioTest2,2023-09-29T14:50:24Z,2023-09-29T14:50:41Z,17000
audioTest1,2023-09-29T14:50:41Z,2023-09-29T14:51:13Z,32000
audioTest1,2023-09-29T14:50:41Z,2023-09-29T14:51:13Z,32000
audioTest2,2023-09-29T14:51:13Z,2023-09-29T14:51:30Z,17000
audioTest2,2023-09-29T14:51:13Z,2023-09-29T14:51:30Z,17000
audioTest1,2023-09-29T14:51:30Z,2023-09-29T14:52:01Z,31000
audioTest1,2023-09-29T14:51:30Z,2023-09-29T14:52:01Z,31000
audioTest2,2023-09-29T14:52:01Z,2023-09-29T14:52:18Z,17000
audioTest2,2023-09-29T14:52:01Z,2023-09-29T14:52:18Z,17000
audioTest1,2023-09-29T14:52:18Z,2023-09-29T14:52:50Z,32000
audioTest1,2023-09-29T14:52:18Z,2023-09-29T14:52:50Z,32000
audioTest2,2023-09-29T14:52:50Z,2023-09-29T14:53:06Z,16000
audioTest2,2023-09-29T14:52:50Z,2023-09-29T14:53:06Z,16000
audioTest1,2023-09-29T14:53:06Z,2023-09-29T14:53:38Z,32000
audioTest1,2023-09-29T14:53:06Z,2023-09-29T14:53:38Z,32000
audioTest2,2023-09-29T14:53:38Z,2023-09-29T14:53:56Z,18000
audioTest2,2023-09-29T14:53:38Z,2023-09-29T14:53:56Z,18000
audioTest1,2023-09-29T14:53:56Z,2023-09-29T14:54:26Z,30000
audioTest1,2023-09-29T14:53:56Z,2023-09-29T14:54:26Z,30000
audioTest2,2023-09-29T14:54:26Z,2023-09-29T14:54:42Z,16000
audioTest2,2023-09-29T14:54:26Z,2023-09-29T14:54:42Z,16000
audioTest1,2023-09-29T14:54:42Z,2023-09-29T14:55:12Z,30000
audioTest1,2023-09-29T14:54:42Z,2023-09-29T14:55:13Z,31000
audioTest2,2023-09-29T14:55:12Z,2023-09-29T14:55:28Z,16000
audioTest2,2023-09-29T14:55:13Z,2023-09-29T14:55:28Z,15000
audioTest1,2023-09-29T14:55:28Z,2023-09-29T14:56:02Z,34000
audioTest1,2023-09-29T14:55:28Z,2023-09-29T14:56:02Z,34000
audioTest2,2023-09-29T14:56:02Z,2023-09-29T14:56:19Z,17000
audioTest2,2023-09-29T14:56:02Z,2023-09-29T14:56:19Z,17000
audioTest1,2023-09-29T14:56:19Z,2023-09-29T14:56:52Z,33000
audioTest1,2023-09-29T14:56:19Z,2023-09-29T14:56:52Z,33000
audioTest2,2023-09-29T14:56:52Z,2023-09-29T14:57:11Z,19000
audioTest2,2023-09-29T14:56:52Z,2023-09-29T14:57:12Z,20000
audioTest1,2023-09-29T14:57:11Z,2023-09-29T14:57:47Z,36000
audioTest1,2023-09-29T14:57:12Z,2023-09-29T14:57:47Z,35000
audioTest2,2023-09-29T14:57:47Z,2023-09-29T14:58:06Z,19000
audioTest2,2023-09-29T14:57:47Z,2023-09-29T14:58:06Z,19000
audioTest1,2023-09-29T14:58:06Z,2023-09-29T14:58:37Z,31000
audioTest1,2023-09-29T14:58:06Z,2023-09-29T14:58:40Z,34000
audioTest2,2023-09-29T14:58:40Z,2023-09-29T14:58:57Z,17000
audioTest2,2023-09-29T14:58:37Z,2023-09-29T14:58:57Z,20000
audioTest1,2023-09-29T14:58:57Z,2023-09-29T14:59:29Z,32000
audioTest1,2023-09-29T14:58:57Z,2023-09-29T14:59:32Z,35000
audioTest2,2023-09-29T14:59:32Z,2023-09-29T14:59:50Z,18000
audioTest2,2023-09-29T14:59:29Z,2023-09-29T14:59:50Z,21000
audioTest1,2023-09-29T14:59:50Z,2023-09-29T15:00:20Z,30000
audioTest1,2023-09-29T14:59:50Z,2023-09-29T15:00:23Z,33000
audioTest2,2023-09-29T15:00:20Z,2023-09-29T15:00:40Z,20000
audioTest2,2023-09-29T15:00:23Z,2023-09-29T15:00:40Z,17000
audioTest1,2023-09-29T15:00:40Z,2023-09-29T15:01:09Z,29000
audioTest1,2023-09-29T15:00:40Z,2023-09-29T15:01:12Z,32000
audioTest2,2023-09-29T15:01:12Z,2023-09-29T15:01:29Z,17000
audioTest2,2023-09-29T15:01:09Z,2023-09-29T15:01:29Z,20000
audioTest1,2023-09-29T15:01:29Z,2023-09-29T15:01:57Z,28000
audioTest1,2023-09-29T15:01:29Z,2023-09-29T15:02:01Z,32000
audioTest2,2023-09-29T15:01:57Z,2023-09-29T15:02:18Z,21000
audioTest2,2023-09-29T15:02:01Z,2023-09-29T15:02:18Z,17000
audioTest1,2023-09-29T15:02:18Z,2023-09-29T15:02:47Z,29000
audioTest1,2023-09-29T15:02:18Z,2023-09-29T15:02:51Z,33000
audioTest2,2023-09-29T15:02:51Z,2023-09-29T15:03:08Z,17000
audioTest2,2023-09-29T15:02:47Z,2023-09-29T15:03:08Z,21000
audioTest1,2023-09-29T15:03:08Z,2023-09-29T15:03:37Z,29000
audioTest1,2023-09-29T15:03:08Z,2023-09-29T15:03:40Z,32000
audioTest2,2023-09-29T15:03:40Z,2023-09-29T15:03:57Z,17000
audioTest2,2023-09-29T15:03:37Z,2023-09-29T15:03:57Z,20000
audioTest1,2023-09-29T15:03:57Z,2023-09-29T15:04:25Z,28000
audioTest1,2023-09-29T15:03:57Z,2023-09-29T15:04:28Z,31000
audioTest2,2023-09-29T15:04:28Z,2023-09-29T15:04:45Z,17000
audioTest2,2023-09-29T15:04:25Z,2023-09-29T15:04:45Z,20000
audioTest1,2023-09-29T15:04:45Z,2023-09-29T15:05:15Z,30000
audioTest1,2023-09-29T15:04:45Z,2023-09-29T15:05:19Z,34000
audioTest2,2023-09-29T15:05:19Z,2023-09-29T15:05:35Z,16000
audioTest2,2023-09-29T15:05:15Z,2023-09-29T15:05:35Z,20000
audioTest1,2023-09-29T15:05:35Z,2023-09-29T15:06:09Z,34000
audioTest1,2023-09-29T15:05:35Z,2023-09-29T15:06:12Z,37000
audioTest2,2023-09-29T15:06:12Z,2023-09-29T15:06:29Z,17000
audioTest2,2023-09-29T15:06:09Z,2023-09-29T15:06:29Z,20000
audioTest1,2023-09-29T15:06:29Z,2023-09-29T15:06:59Z,30000
audioTest1,2023-09-29T15:06:29Z,2023-09-29T15:07:03Z,34000
audioTest2,2023-09-29T15:06:59Z,2023-09-29T15:07:19Z,20000
audioTest2,2023-09-29T15:07:03Z,2023-09-29T15:07:19Z,16000
audioTest1,2023-09-29T15:07:19Z,2023-09-29T15:07:52Z,33000
audioTest1,2023-09-29T15:07:19Z,2023-09-29T15:07:55Z,36000
audioTest2,2023-09-29T15:07:52Z,2023-09-29T15:08:12Z,20000
audioTest2,2023-09-29T15:07:55Z,2023-09-29T15:08:12Z,17000
audioTest1,2023-09-29T15:08:12Z,2023-09-29T15:08:44Z,32000
audioTest1,2023-09-29T15:08:12Z,2023-09-29T15:08:44Z,32000
audioTest2,2023-09-29T15:08:44Z,2023-09-29T15:09:03Z,19000
audioTest2,2023-09-29T15:08:44Z,2023-09-29T15:09:04Z,20000
audioTest1,2023-09-29T15:09:04Z,2023-09-29T15:09:34Z,30000
audioTest1,2023-09-29T15:09:03Z,2023-09-29T15:09:38Z,35000
audioTest2,2023-09-29T15:09:34Z,2023-09-29T15:09:55Z,21000
audioTest2,2023-09-29T15:09:38Z,2023-09-29T15:09:55Z,17000
audioTest1,2023-09-29T15:09:55Z,2023-09-29T15:10:23Z,28000
audioTest1,2023-09-29T15:09:55Z,2023-09-29T15:10:26Z,31000
audioTest2,2023-09-29T15:10:26Z,2023-09-29T15:10:43Z,17000
audioTest2,2023-09-29T15:10:23Z,2023-09-29T15:10:43Z,20000
audioTest1,2023-09-29T15:10:43Z,2023-09-29T15:11:12Z,29000
audioTest1,2023-09-29T15:10:43Z,2023-09-29T15:11:16Z,33000
audioTest2,2023-09-29T15:11:12Z,2023-09-29T15:11:32Z,20000
audioTest2,2023-09-29T15:11:16Z,2023-09-29T15:11:32Z,16000
audioTest1,2023-09-29T15:11:32Z,2023-09-29T15:12:05Z,33000
audioTest1,2023-09-29T15:11:32Z,2023-09-29T15:12:05Z,33000
audioTest2,2023-09-29T15:12:05Z,2023-09-29T15:12:23Z,18000
audioTest2,2023-09-29T15:12:05Z,2023-09-29T15:12:23Z,18000
audioTest1,2023-09-29T15:12:23Z,2023-09-29T15:12:52Z,29000
audioTest1,2023-09-29T15:12:23Z,2023-09-29T15:12:56Z,33000
audioTest2,2023-09-29T15:12:52Z,2023-09-29T15:13:12Z,20000
audioTest2,2023-09-29T15:12:56Z,2023-09-29T15:13:12Z,16000
audioTest1,2023-09-29T15:13:12Z,2023-09-29T15:13:45Z,33000
audioTest1,2023-09-29T15:13:12Z,2023-09-29T15:13:45Z,33000
audioTest2,2023-09-29T15:13:45Z,2023-09-29T15:14:03Z,18000
audioTest2,2023-09-29T15:13:45Z,2023-09-29T15:14:03Z,18000
audioTest1,2023-09-29T15:14:03Z,2023-09-29T15:14:31Z,28000
audioTest1,2023-09-29T15:14:03Z,2023-09-29T15:14:34Z,31000
audioTest2,2023-09-29T15:14:34Z,2023-09-29T15:14:51Z,17000
audioTest2,2023-09-29T15:14:31Z,2023-09-29T15:14:51Z,20000
audioTest1,2023-09-29T15:14:51Z,2023-09-29T15:15:23Z,32000
audioTest1,2023-09-29T15:14:51Z,2023-09-29T15:15:23Z,32000
audioTest2,2023-09-29T15:15:23Z,2023-09-29T15:15:42Z,19000
audioTest2,2023-09-29T15:15:23Z,2023-09-29T15:15:42Z,19000
audioTest1,2023-09-29T15:15:42Z,2023-09-29T15:16:14Z,32000
audioTest1,2023-09-29T15:15:42Z,2023-09-29T15:16:17Z,35000
audioTest2,2023-09-29T15:16:17Z,2023-09-29T15:16:34Z,17000
audioTest2,2023-09-29T15:16:14Z,2023-09-29T15:16:34Z,20000
audioTest1,2023-09-29T15:16:34Z,2023-09-29T15:17:06Z,32000
audioTest1,2023-09-29T15:16:34Z,2023-09-29T15:17:06Z,32000
audioTest2,2023-09-29T15:17:06Z,2023-09-29T15:17:25Z,19000
audioTest2,2023-09-29T15:17:06Z,2023-09-29T15:17:25Z,19000
audioTest1,2023-09-29T15:17:25Z,2023-09-29T15:17:58Z,33000
audioTest1,2023-09-29T15:17:25Z,2023-09-29T15:18:05Z,40000
audioTest2,2023-09-29T15:17:58Z,2023-09-29T15:18:29Z,31000
audioTest2,2023-09-29T15:18:05Z,2023-09-29T15:18:29Z,24000
audioTest1,2023-09-29T15:18:29Z,2023-09-29T15:19:00Z,31000
audioTest1,2023-09-29T15:18:29Z,2023-09-29T15:19:04Z,35000
audioTest2,2023-09-29T15:19:00Z,2023-09-29T15:19:22Z,22000
audioTest2,2023-09-29T15:19:04Z,2023-09-29T15:19:22Z,18000
audioTest1,2023-09-29T15:19:22Z,2023-09-29T15:19:56Z,34000
audioTest1,2023-09-29T15:19:22Z,2023-09-29T15:19:56Z,34000
audioTest2,2023-09-29T15:19:56Z,2023-09-29T15:20:16Z,20000
audioTest2,2023-09-29T15:19:56Z,2023-09-29T15:20:16Z,20000
audioTest1,2023-09-29T15:20:16Z,2023-09-29T15:20:48Z,32000
audioTest1,2023-09-29T15:20:16Z,2023-09-29T15:20:52Z,36000
audioTest2,2023-09-29T15:20:48Z,2023-09-29T15:21:09Z,21000
audioTest2,2023-09-29T15:20:52Z,2023-09-29T15:21:09Z,17000
audioTest1,2023-09-29T15:21:09Z,2023-09-29T15:21:40Z,31000
audioTest1,2023-09-29T15:21:09Z,2023-09-29T15:21:43Z,34000
audioTest2,2023-09-29T15:21:43Z,2023-09-29T15:22:02Z,19000
audioTest2,2023-09-29T15:21:40Z,2023-09-29T15:22:02Z,22000
audioTest1,2023-09-29T15:22:02Z,2023-09-29T15:22:36Z,34000
audioTest1,2023-09-29T15:22:02Z,2023-09-29T15:22:36Z,34000
audioTest2,2023-09-29T15:22:36Z,2023-09-29T15:22:55Z,19000
audioTest2,2023-09-29T15:22:36Z,2023-09-29T15:22:55Z,19000
audioTest1,2023-09-29T15:22:55Z,2023-09-29T15:23:28Z,33000
audioTest1,2023-09-29T15:22:55Z,2023-09-29T15:23:31Z,36000
audioTest2,2023-09-29T15:23:28Z,2023-09-29T15:23:48Z,20000
audioTest2,2023-09-29T15:23:31Z,2023-09-29T15:23:48Z,17000
audioTest1,2023-09-29T15:23:48Z,2023-09-29T15:24:20Z,32000
audioTest1,2023-09-29T15:23:48Z,2023-09-29T15:24:20Z,32000
audioTest2,2023-09-29T15:24:20Z,2023-09-29T15:24:38Z,18000
audioTest2,2023-09-29T15:24:20Z,2023-09-29T15:24:38Z,18000
audioTest1,2023-09-29T15:24:38Z,2023-09-29T15:25:10Z,32000
audioTest1,2023-09-29T15:24:38Z,2023-09-29T15:25:10Z,32000
audioTest2,2023-09-29T15:25:10Z,2023-09-29T15:25:28Z,18000
audioTest2,2023-09-29T15:25:10Z,2023-09-29T15:25:28Z,18000
audioTest1,2023-09-29T15:25:28Z,2023-09-29T15:26:00Z,32000
audioTest1,2023-09-29T15:25:28Z,2023-09-29T15:26:00Z,32000
audioTest2,2023-09-29T15:26:00Z,2023-09-29T15:26:18Z,18000
audioTest2,2023-09-29T15:26:00Z,2023-09-29T15:26:18Z,18000
audioTest1,2023-09-29T15:26:18Z,2023-09-29T15:26:49Z,31000
audioTest1,2023-09-29T15:26:18Z,2023-09-29T15:26:49Z,31000
audioTest2,2023-09-29T15:26:49Z,2023-09-29T15:27:07Z,18000
audioTest2,2023-09-29T15:26:49Z,2023-09-29T15:27:07Z,18000
audioTest1,2023-09-29T15:27:07Z,2023-09-29T15:27:38Z,31000
audioTest1,2023-09-29T15:27:07Z,2023-09-29T15:27:38Z,31000
audioTest2,2023-09-29T15:27:38Z,2023-09-29T15:27:56Z,18000
audioTest2,2023-09-29T15:27:38Z,2023-09-29T15:27:56Z,18000
audioTest1,2023-09-29T15:27:56Z,2023-09-29T15:28:24Z,28000
audioTest1,2023-09-29T15:27:56Z,2023-09-29T15:28:27Z,31000
audioTest2,2023-09-29T15:28:24Z,2023-09-29T15:28:43Z,19000
audioTest2,2023-09-29T15:28:27Z,2023-09-29T15:28:43Z,16000
audioTest1,2023-09-29T15:28:43Z,2023-09-29T15:29:14Z,31000
audioTest1,2023-09-29T15:28:43Z,2023-09-29T15:29:14Z,31000
audioTest2,2023-09-29T15:29:14Z,2023-09-29T15:29:32Z,18000
audioTest2,2023-09-29T15:29:14Z,2023-09-29T15:29:32Z,18000
audioTest1,2023-09-29T15:29:32Z,2023-09-29T15:29:59Z,27000
audioTest1,2023-09-29T15:29:32Z,2023-09-29T15:30:02Z,30000
audioTest2,2023-09-29T15:30:02Z,2023-09-29T15:30:19Z,17000
audioTest2,2023-09-29T15:29:59Z,2023-09-29T15:30:19Z,20000
audioTest1,2023-09-29T15:30:19Z,2023-09-29T15:30:49Z,30000
audioTest1,2023-09-29T15:30:19Z,2023-09-29T15:30:49Z,30000
audioTest2,2023-09-29T15:30:49Z,2023-09-29T15:31:06Z,17000
audioTest2,2023-09-29T15:30:49Z,2023-09-29T15:31:06Z,17000
audioTest1,2023-09-29T15:31:06Z,2023-09-29T15:31:37Z,31000
audioTest1,2023-09-29T15:31:06Z,2023-09-29T15:31:37Z,31000
audioTest2,2023-09-29T15:31:37Z,2023-09-29T15:31:55Z,18000
audioTest2,2023-09-29T15:31:37Z,2023-09-29T15:31:56Z,19000
audioTest1,2023-09-29T15:31:55Z,2023-09-29T15:32:26Z,31000
audioTest1,2023-09-29T15:31:56Z,2023-09-29T15:32:26Z,30000
audioTest2,2023-09-29T15:32:26Z,2023-09-29T15:32:44Z,18000
audioTest2,2023-09-29T15:32:26Z,2023-09-29T15:32:44Z,18000
audioTest1,2023-09-29T15:32:44Z,2023-09-29T15:33:15Z,31000
audioTest1,2023-09-29T15:32:44Z,2023-09-29T15:33:15Z,31000
audioTest2,2023-09-29T15:33:15Z,2023-09-29T15:33:33Z,18000
audioTest2,2023-09-29T15:33:15Z,2023-09-29T15:33:33Z,18000
audioTest1,2023-09-29T15:33:33Z,2023-09-29T15:34:04Z,31000
audioTest1,2023-09-29T15:33:33Z,2023-09-29T15:34:04Z,31000
audioTest2,2023-09-29T15:34:04Z,2023-09-29T15:34:21Z,17000
audioTest2,2023-09-29T15:34:04Z,2023-09-29T15:34:21Z,17000
audioTest1,2023-09-29T15:34:21Z,2023-09-29T15:34:51Z,30000
audioTest1,2023-09-29T15:34:21Z,2023-09-29T15:34:51Z,30000
audioTest2,2023-09-29T15:34:51Z,2023-09-29T15:35:09Z,18000
audioTest2,2023-09-29T15:34:51Z,2023-09-29T15:35:09Z,18000
audioTest1,2023-09-29T15:35:09Z,2023-09-29T15:35:36Z,27000
audioTest1,2023-09-29T15:35:09Z,2023-09-29T15:35:39Z,30000
audioTest2,2023-09-29T15:35:36Z,2023-09-29T15:35:56Z,20000
audioTest2,2023-09-29T15:35:39Z,2023-09-29T15:35:56Z,17000
audioTest1,2023-09-29T15:35:56Z,2023-09-29T15:36:23Z,27000
audioTest1,2023-09-29T15:35:56Z,2023-09-29T15:36:26Z,30000
audioTest2,2023-09-29T15:36:23Z,2023-09-29T15:36:43Z,20000
audioTest2,2023-09-29T15:36:26Z,2023-09-29T15:36:43Z,17000
audioTest1,2023-09-29T15:36:43Z,2023-09-29T15:37:16Z,33000
audioTest1,2023-09-29T15:36:43Z,2023-09-29T15:37:16Z,33000
audioTest2,2023-09-29T15:37:16Z,2023-09-29T15:37:35Z,19000
audioTest2,2023-09-29T15:37:16Z,2023-09-29T15:37:35Z,19000
audioTest1,2023-09-29T15:37:35Z,2023-09-29T15:38:06Z,31000
audioTest1,2023-09-29T15:37:35Z,2023-09-29T15:38:07Z,32000
audioTest2,2023-09-29T15:38:07Z,2023-09-29T15:38:24Z,17000
audioTest2,2023-09-29T15:38:06Z,2023-09-29T15:38:24Z,18000
audioTest1,2023-09-29T15:38:24Z,2023-09-29T15:38:56Z,32000
audioTest1,2023-09-29T15:38:24Z,2023-09-29T15:38:59Z,35000
audioTest2,2023-09-29T15:38:59Z,2023-09-29T15:39:16Z,17000
audioTest2,2023-09-29T15:38:56Z,2023-09-29T15:39:16Z,20000
audioTest1,2023-09-29T15:39:16Z,2023-09-29T15:39:48Z,32000
audioTest1,2023-09-29T15:39:16Z,2023-09-29T15:39:48Z,32000
audioTest2,2023-09-29T15:39:48Z,2023-09-29T15:40:06Z,18000
audioTest2,2023-09-29T15:39:48Z,2023-09-29T15:40:06Z,18000
audioTest1,2023-09-29T15:40:06Z,2023-09-29T15:40:38Z,32000
audioTest1,2023-09-29T15:40:06Z,2023-09-29T15:40:38Z,32000
audioTest2,2023-09-29T15:40:38Z,2023-09-29T15:40:57Z,19000
audioTest2,2023-09-29T15:40:38Z,2023-09-29T15:40:57Z,19000
audioTest1,2023-09-29T15:40:57Z,2023-09-29T15:41:26Z,29000
audioTest1,2023-09-29T15:40:57Z,2023-09-29T15:41:29Z,32000
audioTest2,2023-09-29T15:41:29Z,2023-09-29T15:41:46Z,17000
audioTest2,2023-09-29T15:41:26Z,2023-09-29T15:41:46Z,20000
audioTest1,2023-09-29T15:41:46Z,2023-09-29T15:42:14Z,28000
audioTest1,2023-09-29T15:41:46Z,2023-09-29T15:42:17Z,31000
audioTest2,2023-09-29T15:42:14Z,2023-09-29T15:42:34Z,20000
audioTest2,2023-09-29T15:42:17Z,2023-09-29T15:42:34Z,17000
audioTest1,2023-09-29T15:42:34Z,2023-09-29T15:43:06Z,32000
audioTest1,2023-09-29T15:42:34Z,2023-09-29T15:43:10Z,36000
audioTest2,2023-09-29T15:43:06Z,2023-09-29T15:43:27Z,21000
audioTest2,2023-09-29T15:43:10Z,2023-09-29T15:43:27Z,17000
audioTest1,2023-09-29T15:43:27Z,2023-09-29T15:44:01Z,34000
audioTest1,2023-09-29T15:43:27Z,2023-09-29T15:44:01Z,34000
audioTest2,2023-09-29T15:44:01Z,2023-09-29T15:44:19Z,18000
audioTest2,2023-09-29T15:44:01Z,2023-09-29T15:44:19Z,18000
audioTest1,2023-09-29T15:44:19Z,2023-09-29T15:44:54Z,35000
audioTest1,2023-09-29T15:44:19Z,2023-09-29T15:44:54Z,35000
audioTest2,2023-09-29T15:44:54Z,2023-09-29T15:45:12Z,18000
audioTest2,2023-09-29T15:44:54Z,2023-09-29T15:45:12Z,18000
audioTest1,2023-09-29T15:45:12Z,2023-09-29T15:45:41Z,29000
audioTest1,2023-09-29T15:45:12Z,2023-09-29T15:45:45Z,33000
audioTest2,2023-09-29T15:45:45Z,2023-09-29T15:46:01Z,16000
audioTest2,2023-09-29T15:45:41Z,2023-09-29T15:46:01Z,20000
audioTest1,2023-09-29T15:46:01Z,2023-09-29T15:46:30Z,29000
audioTest1,2023-09-29T15:46:01Z,2023-09-29T15:46:33Z,32000
audioTest2,2023-09-29T15:46:33Z,2023-09-29T15:46:50Z,17000
audioTest2,2023-09-29T15:46:30Z,2023-09-29T15:46:50Z,20000
audioTest1,2023-09-29T15:46:50Z,2023-09-29T15:47:18Z,28000
audioTest1,2023-09-29T15:46:50Z,2023-09-29T15:47:22Z,32000
audioTest2,2023-09-29T15:47:22Z,2023-09-29T15:47:39Z,17000
audioTest2,2023-09-29T15:47:18Z,2023-09-29T15:47:39Z,21000
audioTest1,2023-09-29T15:47:39Z,2023-09-29T15:48:07Z,28000
audioTest1,2023-09-29T15:47:39Z,2023-09-29T15:48:11Z,32000
audioTest2,2023-09-29T15:48:11Z,2023-09-29T15:48:27Z,16000
audioTest2,2023-09-29T15:48:07Z,2023-09-29T15:48:27Z,20000
audioTest1,2023-09-29T15:48:27Z,2023-09-29T15:48:56Z,29000
audioTest1,2023-09-29T15:48:27Z,2023-09-29T15:49:00Z,33000
audioTest2,2023-09-29T15:49:00Z,2023-09-29T15:49:19Z,19000
audioTest2,2023-09-29T15:48:56Z,2023-09-29T15:49:19Z,23000
audioTest1,2023-09-29T15:49:19Z,2023-09-29T15:49:51Z,32000
audioTest1,2023-09-29T15:49:19Z,2023-09-29T15:49:51Z,32000
audioTest2,2023-09-29T15:49:51Z,2023-09-29T15:50:10Z,19000
audioTest2,2023-09-29T15:49:51Z,2023-09-29T15:50:10Z,19000
audioTest1,2023-09-29T15:50:10Z,2023-09-29T15:50:51Z,41000
audioTest1,2023-09-29T15:50:10Z,2023-09-29T15:50:55Z,45000
audioTest2,2023-09-29T15:50:55Z,2023-09-29T15:51:11Z,16000
audioTest2,2023-09-29T15:50:51Z,2023-09-29T15:51:11Z,20000
audioTest1,2023-09-29T15:51:11Z,2023-09-29T15:51:41Z,30000
audioTest1,2023-09-29T15:51:11Z,2023-09-29T15:51:44Z,33000
audioTest2,2023-09-29T15:51:41Z,2023-09-29T15:52:02Z,21000
audioTest2,2023-09-29T15:51:44Z,2023-09-29T15:52:02Z,18000
audioTest1,2023-09-29T15:52:02Z,2023-09-29T15:52:34Z,32000
audioTest1,2023-09-29T15:52:02Z,2023-09-29T15:52:37Z,35000
audioTest2,2023-09-29T15:52:37Z,2023-09-29T15:52:54Z,17000
audioTest2,2023-09-29T15:52:34Z,2023-09-29T15:52:54Z,20000
audioTest1,2023-09-29T15:52:54Z,2023-09-29T15:53:26Z,32000
audioTest1,2023-09-29T15:52:54Z,2023-09-29T15:53:29Z,35000
audioTest2,2023-09-29T15:53:29Z,2023-09-29T15:53:46Z,17000
audioTest2,2023-09-29T15:53:26Z,2023-09-29T15:53:46Z,20000
audioTest1,2023-09-29T15:53:46Z,2023-09-29T15:54:17Z,31000
audioTest1,2023-09-29T15:53:46Z,2023-09-29T15:54:20Z,34000
audioTest2,2023-09-29T15:54:20Z,2023-09-29T15:54:37Z,17000
audioTest2,2023-09-29T15:54:17Z,2023-09-29T15:54:37Z,20000
audioTest1,2023-09-29T15:54:37Z,2023-09-29T15:55:16Z,39000
audioTest1,2023-09-29T15:54:37Z,2023-09-29T15:55:16Z,39000
audioTest2,2023-09-29T15:55:16Z,2023-09-29T15:55:34Z,18000
audioTest2,2023-09-29T15:55:16Z,2023-09-29T15:55:34Z,18000
audioTest1,2023-09-29T15:55:34Z,2023-09-29T15:56:03Z,29000
audioTest1,2023-09-29T15:55:34Z,2023-09-29T15:56:06Z,32000
audioTest2,2023-09-29T15:56:06Z,2023-09-29T15:56:22Z,16000
audioTest2,2023-09-29T15:56:03Z,2023-09-29T15:56:22Z,19000
audioTest1,2023-09-29T15:56:22Z,2023-09-29T15:56:50Z,28000
audioTest1,2023-09-29T15:56:22Z,2023-09-29T15:56:54Z,32000
audioTest2,2023-09-29T15:56:54Z,2023-09-29T15:57:10Z,16000
audioTest2,2023-09-29T15:56:50Z,2023-09-29T15:57:10Z,20000
audioTest1,2023-09-29T15:57:10Z,2023-09-29T15:57:40Z,30000
audioTest1,2023-09-29T15:57:10Z,2023-09-29T15:57:44Z,34000
audioTest2,2023-09-29T15:57:40Z,2023-09-29T15:58:00Z,20000
audioTest2,2023-09-29T15:57:44Z,2023-09-29T15:58:00Z,16000
audioTest1,2023-09-29T15:58:00Z,2023-09-29T15:58:34Z,34000
audioTest1,2023-09-29T15:58:00Z,2023-09-29T15:58:34Z,34000
audioTest2,2023-09-29T15:58:34Z,2023-09-29T15:58:53Z,19000
audioTest2,2023-09-29T15:58:34Z,2023-09-29T15:58:53Z,19000
audioTest1,2023-09-29T15:58:53Z,2023-09-29T15:59:25Z,32000
audioTest1,2023-09-29T15:58:53Z,2023-09-29T15:59:28Z,35000
audioTest2,2023-09-29T15:59:25Z,2023-09-29T15:59:45Z,20000
audioTest2,2023-09-29T15:59:28Z,2023-09-29T15:59:45Z,17000
audioTest1,2023-09-29T15:59:45Z,2023-09-29T16:00:13Z,28000
audioTest1,2023-09-29T15:59:45Z,2023-09-29T16:00:16Z,31000
audioTest2,2023-09-29T16:00:16Z,2023-09-29T16:00:33Z,17000
audioTest2,2023-09-29T16:00:13Z,2023-09-29T16:00:33Z,20000
audioTest1,2023-09-29T16:00:33Z,2023-09-29T16:01:05Z,32000
audioTest1,2023-09-29T16:00:33Z,2023-09-29T16:01:05Z,32000
audioTest2,2023-09-29T16:01:05Z,2023-09-29T16:01:23Z,18000
audioTest2,2023-09-29T16:01:05Z,2023-09-29T16:01:23Z,18000
audioTest1,2023-09-29T16:01:23Z,2023-09-29T16:01:54Z,31000
audioTest1,2023-09-29T16:01:23Z,2023-09-29T16:01:55Z,32000
audioTest2,2023-09-29T16:01:54Z,2023-09-29T16:02:11Z,17000
audioTest2,2023-09-29T16:01:55Z,2023-09-29T16:02:12Z,17000
audioTest1,2023-09-29T16:02:12Z,2023-09-29T16:02:40Z,28000
audioTest1,2023-09-29T16:02:11Z,2023-09-29T16:02:43Z,32000
audioTest2,2023-09-29T16:02:43Z,2023-09-29T16:02:59Z,16000
audioTest2,2023-09-29T16:02:40Z,2023-09-29T16:02:59Z,19000
audioTest1,2023-09-29T16:02:59Z,2023-09-29T16:03:28Z,29000
audioTest1,2023-09-29T16:02:59Z,2023-09-29T16:03:31Z,32000
audioTest2,2023-09-29T16:03:31Z,2023-09-29T16:03:48Z,17000
audioTest2,2023-09-29T16:03:28Z,2023-09-29T16:03:48Z,20000
audioTest1,2023-09-29T16:03:48Z,2023-09-29T16:04:16Z,28000
audioTest1,2023-09-29T16:03:48Z,2023-09-29T16:04:19Z,31000
audioTest2,2023-09-29T16:04:16Z,2023-09-29T16:04:35Z,19000
audioTest2,2023-09-29T16:04:19Z,2023-09-29T16:04:36Z,17000
audioTest1,2023-09-29T16:04:36Z,2023-09-29T16:05:05Z,29000
audioTest1,2023-09-29T16:04:35Z,2023-09-29T16:05:08Z,33000
audioTest2,2023-09-29T16:05:08Z,2023-09-29T16:05:25Z,17000
audioTest2,2023-09-29T16:05:05Z,2023-09-29T16:05:25Z,20000
audioTest1,2023-09-29T16:05:25Z,2023-09-29T16:05:57Z,32000
audioTest1,2023-09-29T16:05:25Z,2023-09-29T16:05:57Z,32000
audioTest2,2023-09-29T16:05:57Z,2023-09-29T16:06:15Z,18000
audioTest2,2023-09-29T16:05:57Z,2023-09-29T16:06:15Z,18000
audioTest1,2023-09-29T16:06:15Z,2023-09-29T16:06:46Z,31000
audioTest1,2023-09-29T16:06:15Z,2023-09-29T16:06:46Z,31000
audioTest2,2023-09-29T16:06:46Z,2023-09-29T16:07:04Z,18000
audioTest2,2023-09-29T16:06:46Z,2023-09-29T16:07:04Z,18000
